UserID,FirstName,LastName,Email,PasswordHash
1,John,Cruz,john.cruz@email.com,$2b$12$dummyhashstringhere
2,Ana,Santos,ana.santos@email.com,$2b$12$dummyhashstringhere
3,Mark,Reyes,mark.reyes@email.com,$2b$12$dummyhashstringhere
4,Carla,Dizon,carla.dizon@email.com,$2b$12$dummyhashstringhere
5,Leo,Torres,leo.torres@email.com,$2b$12$dummyhashstringhere
6,Paula,Lim,paula.lim@email.com,$2b$12$dummyhashstringhere
7,Ivan,Go,ivan.go@email.com,$2b$12$dummyhashstringhere
8,Marie,Chua,marie.chua@email.com,$2b$12$dummyhashstringhere
9,Jeremy,Ong,jeremy.ong@email.com,$2b$12$dummyhashstringhere
10,Faith,Lao,faith.lao@email.com,$2b$12$dummyhashstringhere
11,James,Uy,james.uy@email.com,$2b$12$dummyhashstringhere
12,Bianca,Roque,bianca.roque@email.com,$2b$12$dummyhashstringhere
13,Noel,Tan,noel.tan@email.com,$2b$12$dummyhashstringhere
14,Kaye,Lim,kaye.lim@email.com,$2b$12$dummyhashstringhere
15,Oliver,Dee,oliver.dee@email.com,$2b$12$dummyhashstringhere
16,Jade,Bautista,jade.bautista@email.com,$2b$12$dummyhashstringhere
17,Clark,Mendoza,clark.mendoza@email.com,$2b$12$dummyhashstringhere
18,Aria,Cruz,aria.cruz@email.com,$2b$12$dummyhashstringhere
19,Mike,Ramos,mike.ramos@email.com,$2b$12$dummyhashstringhere
20,Ella,Santos,ella.santos@email.com,$2b$12$dummyhashstringhere
21,Liza,Co,liza.co@email.com,$2b$12$dummyhashstringhere
22,Jon,Molina,jon.molina@email.com,$2b$12$dummyhashstringhere
23,Vee,Lao,vee.lao@email.com,$2b$12$dummyhashstringhere
24,Kyle,Yap,kyle.yap@email.com,$2b$12$dummyhashstringhere
25,Shane,Pe√±a,shane.pena@email.com,$2b$12$dummyhashstringhere
26,Lorna,Reyes,lorna.reyes@email.com,$2b$12$dummyhashstringhere
27,Paul,Tan,paul.tan@email.com,$2b$12$dummyhashstringhere
28,May,Chua,may.chua@email.com,$2b$12$dummyhashstringhere
29,Ryan,Ong,ryan.ong@email.com,$2b$12$dummyhashstringhere
30,Trixie,Lim,trixie.lim@email.com,$2b$12$dummyhashstringhere
31,Derek,Uy,derek.uy@email.com,$2b$12$dummyhashstringhere
32,Vanessa,Co,vanessa.co@email.com,$2b$12$dummyhashstringhere
33,Allen,Lim,allen.lim@email.com,$2b$12$dummyhashstringhere
34,Kara,Ramos,kara.ramos@email.com,$2b$12$dummyhashstringhere
35,Ivan,Tan,ivan.tan@email.com,$2b$12$dummyhashstringhere
36,Mia,Santos,mia.santos@email.com,$2b$12$dummyhashstringhere
37,Eric,Go,eric.go@email.com,$2b$12$dummyhashstringhere
38,Joy,Chua,joy.chua@email.com,$2b$12$dummyhashstringhere
39,Sam,Lim,sam.lim@email.com,$2b$12$dummyhashstringhere
40,Liza,Uy,liza.uy@email.com,$2b$12$dummyhashstringhere
41,Vince,Co,vince.co@email.com,$2b$12$dummyhashstringhere
42,Nora,Tan,nora.tan@email.com,$2b$12$dummyhashstringhere
43,Ken,Ramos,ken.ramos@email.com,$2b$12$dummyhashstringhere
44,Lea,Lao,lea.lao@email.com,$2b$12$dummyhashstringhere
45,Alex,Lim,alex.lim@email.com,$2b$12$dummyhashstringhere
46,May,Cruz,may.cruz@email.com,$2b$12$dummyhashstringhere
47,Ivan,Reyes,ivan.reyes@email.com,$2b$12$dummyhashstringhere
48,Aria,Tan,aria.tan@email.com,$2b$12$dummyhashstringhere
49,Noel,Santos,noel.santos@email.com,$2b$12$dummyhashstringhere
50,Ella,Uy,ella.uy@email.com,$2b$12$dummyhashstringhere